2. Queries
Question 1:
SELECT DISTINCT category, COUNT(publication_id) FROM publication GROUP BY category;
   category    |  count  
---------------+---------
 inproceedings | 1856563
 book          |   12679
 incollection  |   39320
 article       | 1506852
(4 rows)

Time: 2280.088 ms

Question 2:
SELECT q1.name AS author, q2.publication_count 
FROM (SELECT * FROM author) as q1, (
	SELECT author_id, COUNT(*) AS publication_count 
	FROM publicationauthor 
	GROUP BY author_id) as q2 
WHERE q1.author_id=q2.author_id ORDER BY publication_count DESC LIMIT 10;
        author         | publication_count 
-----------------------+-------------------
  H. Vincent Poor      |              1303
  Wei Zhang            |               984
  Wei Wang             |               983
  Wen Gao 0001         |               975
  Philip S. Yu         |               970
  Lajos Hanzo          |               909
  Mohamed-Slim Alouini |               905
  Thomas S. Huang      |               892
  Yu Zhang             |               875
  Jing Li              |               870
(10 rows)

Time: 25968.384 ms

Question 3a:
SELECT P.title as Title, A.name as Author, P.year as Year 
FROM publication P, publicationauthor PA, author A 
WHERE A.name = ' Takanobu Otsuka' AND A.author_id=PA.author_id AND PA.publication_id=P.publication_id AND P.year=2012;
                                        title                                         |      author      | year 
--------------------------------------------------------------------------------------+------------------+------
 Evaluation of the Reputation Network Using Realistic Distance between Facebook Data. |  Takanobu Otsuka | 2012
 Innovating multiagent algorithms for smart city: An overview.                        |  Takanobu Otsuka | 2012
 Teaching Method Based on Learning Networks.                                          |  Takanobu Otsuka | 2012
(3 rows)

Time: 2507.413 ms

Question 3b:
SELECT A.name,P.year,P.title FROM author A, publicationauthor PA, publication P WHERE A.author_id=PA.author_id AND PA.publication_id=P.publication_id AND A.name = ' Florian Skopik' AND P.year=2015 AND P.key LIKE 'conf/cybersa%';
      name       | year |                                           title                                            
-----------------+------+--------------------------------------------------------------------------------------------
  Florian Skopik | 2015 | On demand for situational awareness for preventing attacks on the smart grid.
  Florian Skopik | 2015 | Establishing national cyber situational awareness through incident information clustering.
  Florian Skopik | 2015 | Beyond gut instincts: Understanding, rating and comparing self-learning IDSs.
(3 rows)

Time: 2499.611 ms

Question 3c:
SELECT A.name 
FROM author A, publicationauthor PA, publication P 
WHERE A.author_id=PA.author_id AND PA.publication_id=P.publication_id AND P.year=2015 AND P.key LIKE 'conf/cybersa%' GROUP BY A.name HAVING COUNT(P.key)>=2;
              name               
---------------------------------
  Jens Myrup Pedersen
  Roman Fiedler
  Matija Stevanovic
  Giuseppe Settanni
  Thor M. T. Larsen
  Dimitris Tsaptsinos
  Aderonke Favour-Bethy Thompson
  Sarmistha Neogy
  Eckhard Pfluegel
  Boniface Kayode Alese
  Radu S. Pirscoveanu
  Shahzad Memon
  Lachhman Das Dhomeja
  Markus Wurzenberger
  Kamran Dahri
  Alexandre Czech
  Florian Skopik
  Steven S. Hansen
(18 rows)

Time: 3102.825 ms

Question 4a:
SELECT A.name 
FROM author A, publicationauthor PA, publication P 
WHERE A.author_id=PA.author_id AND PA.publication_id=P.publication_id AND P.key LIKE '%sigmod%' AND A.name IN (
	SELECT A.name 
	FROM author A, publicationauthor PA, publication P 
	WHERE A.author_id=PA.author_id AND PA.publication_id=P.publication_id AND P.key LIKE '%pvldb%' GROUP BY A.name HAVING COUNT(P.key)>=10) 
GROUP BY A.name HAVING COUNT(P.key)>=10;
          name          
------------------------
  Mourad Ouzzani
  Lei Chen 0002
  Neoklis Polyzotis
  Michael Stonebraker
  Gautam Das
  Amr El Abbadi
  Volker Markl
  Beng Chin Ooi
  Cong Yu
  Hector Garcia-Molina
  Donald Kossmann
  Gustavo Alonso
  Jianzhong Li
  AnHai Doan
  Philip S. Yu
  Johannes Gehrke
  Gerhard Weikum
  Renée J. Miller
  Christoph Koch 0001
  Wenfei Fan
  Nick Koudas
  Guoliang Li
  Gao Cong
  H. V. Jagadish
  Tim Kraska
  Paolo Papotti
  Stanley B. Zdonik
  Surajit Chaudhuri
  Vivek R. Narasayya
  Shivnath Babu
  Amol Deshpande
  Michael J. Franklin
  Xin Luna Dong
  Jeffrey Xu Yu
  Anastasia Ailamaki
  Christopher Ré
  Alfons Kemper
  Joseph M. Hellerstein
  Nikos Mamoulis
  Jianhua Feng
  Xifeng Yan
  David Maier
  Samuel Madden
  Alon Y. Halevy
  Jeffrey F. Naughton
  Dan Suciu
  M. Tamer Özsu
  Xuemin Lin
  Ugur Çetintemel
  Jignesh M. Patel
  Thomas Neumann 0001
  Divesh Srivastava
  Jiawei Han
  Ihab F. Ilyas
  Divyakant Agrawal
  Tova Milo
  Elke A. Rundensteiner
  Christian S. Jensen
  Magdalena Balazinska
  Kian-Lee Tan
  Anthony K. H. Tung
  Stefan Manegold
(62 rows)

Time: 7187.690 ms

Question 4b:
SELECT A.name 
FROM author A, publicationauthor PA, publication P 
WHERE A.author_id=PA.author_id AND PA.publication_id=P.publication_id AND P.key LIKE '%pvldb%' AND A.name NOT IN (
	SELECT A.name 
	FROM author A, publicationauthor PA, publication P 
	WHERE A.author_id=PA.author_id AND PA.publication_id=P.publication_id AND P.key 	LIKE '%kdd%') 
GROUP BY A.name HAVING COUNT(P.key)>=10;

             name             
------------------------------
  Michael J. Franklin
  Anastasia Ailamaki
  Saravanan Thirumuruganathan
  Renée J. Miller
  Christopher Ré
  Alfons Kemper
  Thomas Neumann 0001
  Stefan Manegold
  Mourad Ouzzani
  Amr El Abbadi
  Volker Markl
  Eugene Wu 0002
  Christoph Koch 0001
  Tim Kraska
  Vivek R. Narasayya
  Amol Deshpande
  Samuel Madden
  Jeffrey F. Naughton
  Ippokratis Pandis
  Jignesh M. Patel
  Tova Milo
  Magdalena Balazinska
  Michael Stonebraker
  Michael Benedikt
  AnHai Doan
  Wenfei Fan
  Ziyang Liu
  Ihab F. Ilyas
  Jens Dittrich
  Daniel Deutch
  David Maier
  Divyakant Agrawal
  Neoklis Polyzotis
(33 rows)

Time: 9139.216 ms

Question 5:
SELECT                                                                                
CASE
	when year = null then 'NULL'                                                                        	
	when year between 1970 and 1974 then '1970-1974'                                                	
	when year between 1975 and 1979 then '1975-1979'                                                	
	when year between 1980 and 1984 then '1980-1984'                                                	
	when year between 1985 and 1989 then '1985-1989'                                                	
	when year between 1990 and 1994 then '1990-1994'                                                	
	when year between 1995 and 1999 then '1995-1999'                                                	
	when year between 2000 and 2004 then '2000-2004'                                                	
	when year between 2005 and 2009 then '2005-2009'                                                	
	when year between 2010 and 2014 then '2010-2014'                                                	
	when year between 2015 and 2019 then '2015-2019'                                        
	end as years, count(*) 
FROM publication                                                                             
GROUP BY years
ORDER BY years;
   years   |  count  
-----------+---------
 1970-1974 |   13486
 1975-1979 |   22355
 1980-1984 |   38638
 1985-1989 |   72824
 1990-1994 |  148615
 1995-1999 |  250123
 2000-2004 |  451546
 2005-2009 |  860247
 2010-2014 | 1158637
 2015-2019 |  387073
           |   11870
(11 rows)

Time: 6705.179 ms

An alternative way: It is shorter but takes more time to run. 
  Also, it does not take care of the null year cases.

WITH ranges AS (
  SELECT (five*5)::text||'-'||(five*5+4)::text AS range,         
    five*5 AS r_min, five*5+4 AS r_max
  FROM generate_series(394, 403) AS f(five))
SELECT r.range, count(p.*)
  FROM ranges r
  LEFT JOIN publication p ON p.year BETWEEN r.r_min AND r.r_max
  GROUP BY r.range
  ORDER BY r.range;

   range   |  count  
-----------+---------
 1970-1974 |   13486
 1975-1979 |   22355
 1980-1984 |   38662
 1985-1989 |   72984
 1990-1994 |  149043
 1995-1999 |  250333
 2000-2004 |  451900
 2005-2009 |  860426
 2010-2014 | 1160352
 2015-2019 |  401712
(10 rows)

Time: 11896.636 ms

Question 6:

SELECT q1.name AS author, q2.collaborators_count 
FROM (SELECT * FROM author) as q1, (
	SELECT PA1.author_id AS author_id,COUNT(DISTINCT PA2.author_id) AS collaborators_count 
	FROM publicationauthor PA1, publicationauthor PA2 
	WHERE PA1.author_id!=PA2.author_id AND PA1.publication_id=PA2.publication_id 
	GROUP BY PA1.author_id) as q2 
WHERE q1.author_id=q2.author_id 
ORDER BY collaborators_count DESC LIMIT 10;
   author   | collaborators_count 
------------+---------------------
  Wei Wang  |                2104
  Wei Zhang |                1870
  Wei Li    |                1715
  Yang Liu  |                1591
  Jing Li   |                1575
  Jun Wang  |                1559
  Li Zhang  |                1546
  Yu Zhang  |                1505
  Lei Zhang |                1467
  Lei Wang  |                1458
(10 rows)

Time: 121951.713 ms

Question 7:
SELECT A.name, COUNT(*) AS publication_count 
FROM author A, publication P, publicationauthor PA 
WHERE P.publication_id=PA.publication_id AND A.author_id=PA.author_id AND (P.key LIKE 'journals/%' OR P.key LIKE 'conf/%') AND P.year BETWEEN 2012 AND 2016 AND LOWER(P.title) LIKE '%data%'
GROUP BY A.author_id 
ORDER BY count(*) DESC LIMIT 10;
        name        | publication_count 
--------------------+-------------------
  Francisco Herrera |                35
  Zhu Han           |                30
  Vince D. Calhoun  |                26
  Wolfgang Lehner   |                25
  Tao Li            |                24
  Jun Liu           |                24
  João Gama         |                23
  Jianzhong Li      |                23
  Witold Pedrycz    |                23
  Yong Chen         |                23
(10 rows)

Time: 5017.787 ms

Question 8:
SELECT COUNT(*) FROM publication WHERE year BETWEEN 1960 AND 1969;
 count 
-------
 10358
(1 row)

Time: 1672.730 ms

SELECT title FROM publication WHERE year BETWEEN 1960 AND 1969;
<output too long..>
Time: 1370.248 ms

Question 9:
